{
    "loss": 2.587324857711792,
    "accuracy": 0.8155508041381836
}